gene_symbol,accession_number,probe_id,template_length,template_sequence,primer_forward,primer_reverse,tm_primer_frw,t3_primer_frw,t7_primer_forward
Acsl1,NM_007981,R5001,851,TCTTCCCTGTGGTTCCCAGGCTGCTGAACCGGATGTTCGACAGAATTTTTGGACAAGCAAACACTTCCTTGAAGCGATGGCTGTTGGACTTTGCCTCCAAAAGGAAAGAGGCGGAGCTTCGCAGTGGCATCGTCAGAAACAACAGCCTGTGGGATAAACTCATCTTCCACAAGATACAGTCGAGCCTGGGTGGGAAAGTCCGGCTGATGATCACAGGAGCAGCCCCGGTGTCTGCCACAGTGCTGACGTTTCTGAGGACAGCGCTCGGCTGCCAGTTCTATGAAGGCTACGGACAGACCGAGTGCACTGCTGGTTGCTGCCTGAGCTTGCCCGGAGACTGGACGGCAGGCCATGTTGGAGCCCCCATGCCTTGCAATTATGTAAAGCTTGTGGATGTGGAAGAAATGAATTACCTGGCATCCAAGGGCGAGGGTGAGGTGTGTGTGAAAGGGGCAAATGTGTTCAAAGGCTACTTGAAAGACCCAGCAAGAACAGCTGAAGCCCTGGATAAAGATGGCTGGTTACACACGGGGGACATTGGAAAATGGCTGCCAAATGGCACCTTGAAGATTATCGACAGGAAAAAGCACATATTTAAACTAGCCCAAGGAGAGTACATAGCACCAGAAAAGATTGAAAATATCTACCTGCGGAGTGAAGCCGTGGCCCAGGTGTTTGTCCACGGAGAAAGCTTGCAGGCCTTTCTCATAGCAGTTGTGGTACCCGACGTTGAGAGCCTACCGTCCTGGGCACAGAAGAGAGGCTTACAAGGGTCCTTCGAAGAACTGTGCAGGAACAAGGATATCAATAAAGCTATCCTGGACGACTTGTTGAAACTTGGGAAGGAAGCC,TCTTCCCTGTGGTTCCCA,CGGCTTCCTTCCCAAGTT,64.8,GCGAATTAACCCTCACTAAAGGGTCTTCCCTGTGGTTCCCA,GCGTAATACGACTCACTATAGGGCGGCTTCCTTCCCAAGTT
Hmox1,NM_010442,R5002,803,AGCGCAACAAGCAGAACCCAGTCTATGCCCCACTCTACTTCCCTGAGGAGCTGCACCGAAGGGCTGCCCTGGAGCAGGACATGGCCTTCTGGTATGGGCCTCACTGGCAGGAAATCATCCCTTGCACGCCAGCCACACAGCACTATGTAAAGCGTCTCCACGAGGTGGGGCGCACTCACCCTGAGCTGCTGGTGGCCCACGCATATACCCGCTACCTGGGTGACCTCTCAGGGGGTCAGGTCCTGAAGAAGATTGCACAGAAGGCCATGGCCTTGCCCAGCTCTGGGGAGGGCCTGGCTTTTTTTACCTTCCCGAACATCGACAGCCCCACCAAGTTCAAACAGCTCTATCGTGCTCGAATGAACACTCTGGAGATGACACCTGAGGTCAAGCACAGGGTGACAGAAGAGGCTAAGACCGCCTTCCTGCTCAACATTGAGCTGTTTGAGGAGCTGCAGGTGATGCTGACAGAGGAACACAAAGACCAGAGTCCCTCACAGATGGCGTCACTTCGTCAGAGGCCTGCTAGCCTGGTGCAAGATACTGCCCCTGCAGAGACACCCCGAGGGAAACCCCAGATCAGCACTAGCTCATCCCAGACACCGCTCCTCCAGTGGGTCCTCACTCTCAGCTTCCTGTTGGCAACAGTGGCAGTGGGAATTTATGCCATGTAAATGCAATACTGGCCCCCAGGGGCTGTGAACTCTGTCCAATGTGGCCTTCTCTCTGTAAGGGAGAATCTTGCCTGGCTCTCTTCTCTTGGGCCTCTAAGAAAGCTTTTGGGGTCCCTAGCCCACTCCCTG,AGCGCAACAAGCAGAACC,ACAGGGAGTGGGCTAGGG,64.7,GCGAATTAACCCTCACTAAAGGGAGCGCAACAAGCAGAACC,GCGTAATACGACTCACTATAGGGACAGGGAGTGGGCTAGGG
Gyg,NM_013755,R5003,883,CTATGCCAAAGGTGCGCTGGTCCTGGGCTCATCTTTGAAACAGCACAGGACTACTAGGAGGATGGTTGTACTCACCAGCCCACAGGTTTCAGACTCCATGAGAAAAGTTTTAGAGACTGTCTTTGATGACGTCATCATGGTAGATGTCTTGGACAGTGGTGATTCTGCTCATCTAACCTTAATGAAGAGACCTGAGTTGGGCATCACATTGACTAAACTCCACTGCTGGTCACTTACTCAGTATTCCAAATGTGTGTTCATGGATGCAGATACTCTGGTCCTCTCAAATATTGATGATCTGTTTGAAAGAGAAGAATTATCAGCAGCACCAGACCCAGGGTGGCCTGACTGTTTCAATTCTGGAGTCTTTGTCTATCAACCCTCCATTGAAACGTATAACCAGCTGTTGCATCTGGCTTCTGAGCAAGGTAGTTTTGATGGTGGGGACCAGGGCCTACTGAATACATATTTTAGTGGCTGGGCAACGACAGATATCACAAAACACCTGCCATTTGTGTATAACCTAAGCAGCATTTCAATATACTCCTACCTCCCGGCATTTAAAGCGTTTGGTAAAAATGCCAAAGTTGTGCACTTCCTGGGACGAACCAAGCCATGGAATTACACTTATAACCCCCAAACAAAAAGTGTCAACTGTGACTCCCAGGACCCAACCGTGAGTCACCCAGAGTTTCTGAACCTGTGGTGGGACACCTTCACCACCAACGTCTTACCCCTGCTCCAACACCATGGCCTTGTCAAAGATGCCAGCTCCTATCTAATGATGGAACATGTCTCAGGAGCCTTGTCAGACCTGTCCTTTGGGGAGGCCCCAGCTGCACCACAACCTTCTATGTCCTCAGAAGAAAGGAAGGAACGGTGG,CTATGCCAAAGGTGCGCT,CCCACCGTTCCTTCCTTT,64.4,GCGAATTAACCCTCACTAAAGGGCTATGCCAAAGGTGCGCT,GCGTAATACGACTCACTATAGGGCCCACCGTTCCTTCCTTT
Dnmt3l,NM_019448,R5004,446,CTGCTGACTGAGGATGACCAAGAGACAACTACCCGCTTCCTTCAGACAGAGGCTGTGACCCTCCAGGATGTCCGTGGCAGAGACTACCAGAATGCTATGCGGGTGTGGAGCAACATTCCAGGGCTGAAGAGCAAGCATGCGCCCCTGACCCCAAAGGAAGAAGAGTATCTGCAAGCCCAAGTCAGAAGCAGGAGCAAGCTGGACGCCCCGAAAGTTGACCTCCTGGTGAAGAACTGCCTTCTCCCGCTGAGAGAGTACTTCAAGTATTTTTCTCAAAACTCACTTCCTCTTTAGAAATGAATCACCATAAGATGAAAGTCTTTCCTAGAACCAGGGCAGATTTCTTCCTAAGGTCTCTTCCCTCCACAGTTTTCTCTGGTTTGCTTTCAGGCCTTCGGGTTTCTCTCCTGTTTGATTGCCAGGATGCCTCTGTGCAGCTCACTTTG,CTGCTGACTGAGGATGACCA,GCAAAGTGAGCTGCACAGAG,64.7,GCGAATTAACCCTCACTAAAGGGCTGCTGACTGAGGATGACCA,GCGTAATACGACTCACTATAGGGGCAAAGTGAGCTGCACAGAG
Pik3r1,NM_011085,R5005,974,AAACCACCCAAGCCCACTACTGTAGCCAACAACAGCATGAACAACAATATGTCCTTGCAGGATGCTGAATGGTACTGGGGAGACATCTCAAGGGAAGAAGTGAATGAAAAACTCCGAGACACTGCTGATGGGACCTTTTTGGTACGAGACGCATCTACTAAAATGCACGGCGATTACACTCTTACACTAAGGAAAGGAGGAAATAACAAATTAATCAAAATCTTTCACCGTGATGGAAAATATGGCTTCTCTGATCCATTAACCTTCAACTCTGTGGTTGAGTTAATAAACCACTACCGGAATGAGTCTTTAGCTCAGTACAACCCCAAGCTGGATGTGAAGTTGCTCTACCCAGTGTCCAAATACCAGCAGGATCAAGTTGTCAAAGAAGATAATATTGAAGCTGTAGGGAAAAAATTACATGAATATAATACTCAATTTCAAGAAAAAAGTCGGGAATATGATAGATTATATGAGGAGTACACCCGTACTTCCCAGGAAATCCAAATGAAAAGAACGGCTATCGAAGCATTTAATGAAACCATAAAAATATTTGAAGAACAATGCCAAACCCAGGAGCGGTACAGCAAAGAATACATAGAGAAGTTTAAACGCGAAGGCAACGAGAAAGAAATTCAAAGGATTATGCATAACCATGATAAGCTGAAGTCGCGTATCAGTGAGATCATTGACAGTAGGAGGAGGTTGGAAGAAGACTTGAAGAAGCAGGCAGCTGAGTACCGAGAGATCGACAAACGCATGAACAGTATTAAGCCGGACCTCATCCAGTTGAGAAAGACAAGAGACCAATACTTGATGTGGCTGACGCAGAAAGGTGTGCGGCAGAAGAAGCTGAACGAGTGGCTGGGGAATGAAAATACCGAAGATCAATACTCCCTGGTAGAAGATGATGAGGATTTGCCCCACCATGACGAGAAGACGTGGAATGTCGGGAGCAGCAACCGAAACAAAGC,AAACCACCCAAGCCCACT,CGCTTTGTTTCGGTTGCT,64.8,GCGAATTAACCCTCACTAAAGGGAAACCACCCAAGCCCACT,GCGTAATACGACTCACTATAGGGCGCTTTGTTTCGGTTGCT
Acsl3,NM_028817,R5006,896,CGAGCCCTTGACTTTGGAAATGGGTTACAAATGTTGGGCCAGAAACCAAAGGCCAACATCGCCATCTTCTGTGAGACCAGGGCTGAGTGGATGATCGCTGCACAGGCGTGTTTTATGTATAACTTCCAGCTTGTTACACTGTATGCTACTCTGGGAGGTCCAGCCATTGTTCATGGACTGAATGAGACAGAGGTGACCAACATCATTACTAGCAAAGAACTCTTGCAAACAAAGCTGAAGGATATAGTCTCTTTGGTCCCACGTCTGCGGCATATCATTACTGTTGATGGGAAGCCTCCAACCTGGTCTGAGTTCCCCAAAGGTGTCATTGTACACACCATGGCTGCAGTGCAGGCTCTAGGAGTGAAGGCCAACGTGGAAAAGAAAGCTCACAGCAAACCACTGCCCTCAGATATTGCAGTAATCATGTACACAAGTGGGTCCACAGGAATTCCAAAGGGAGTCATGATCTCACACAGCAACATCATTGCTTCTATAACGGGGATGGCGAGAAGGATTCCAAGACTGGGAGAGGAAGATGTGTATATTGGCTACTTGCCCCTGGCACATGTTCTAGAATTAAGTGCTGAGCTTGTGTGTCTTTCTCATGGATGCCGAATCGGCTACTCTTCACCACAGACATTAGCAGATCAGTCTTCAAAAATAAAAAAAGGAAGCAAAGGAGACACATCCGTGCTGAAGCCAACACTGATGGCAGCTGTTCCGGAAATCATGGATCGGATCTACAAAAATGTCATGAATAAAGTGAATGAAATGAGTGCTTTTCAACGAAACTTGTTTATTTTGGCATATAATTATAAGATGGAACAGATTTCAAAAGGGTGTAGTACTCCACTGTGTGACCGCTTTGTTTTCCGGAATGTCCGAAGGCTGCT,CGAGCCCTTGACTTTGGA,CAGCAGCCTTCGGACATT,64.5,GCGAATTAACCCTCACTAAAGGGCGAGCCCTTGACTTTGGA,GCGTAATACGACTCACTATAGGGCAGCAGCCTTCGGACATT
Acat2,NM_009338,R5007,826,AGATGAATGCGGGCTCAGACCCCGTGGTCATCGTCTCAGCGGCGCGCACCGCTATAGGCTCCTTCAATGGTGCCCTGTCCACCGTGCCTGTCCACGAGATGGGGACAACTGTCATCAAAGAAGTCCTGCAGAGGGCCAAGGTGGCTCCAGAAGAGGTGTCCGAGGTCATATTTGGACATGTCTTGACGGCAGGTTGTGGGCAGAATCCTACTCGACAAGCCAGTGTGGGTGCAGGGATCCCCTATTCGGTTCCAGCATGGAGCTGCCAGATGATCTGTGGCTCGGGCCTAAAAGCCGTGTGTCTTGCAGCCCAGTCCATAGCCATGGGCGACTCCACCATTGTGGTAGCTGGAGGCATGGAGAATATGAGCAAGGCTCCTCACTTGACTCACCTGAGAACAGGAGTCAGGATGGGTGAGGTGCCACTGGCTGACAGCATACTCTGTGATGGTCTGACAGATGCCTTTCACAACTACCACATGGGCATCACAGCTGAAAACGTAGCCAAAAAATGGCAAGTGAGCAGAGAGGCCCAGGACAAGGTTGCAGTTCTGTCACAGAACAGGGCAGAGCATGCTCAGAAAGCTGGCCACTTTGACAAGGAGATTGTGCCAGTGCTGGTGTCTTCCAGAAAAGGTCTTACTGAAGTGAAAATCGATGAATTTCCCCGTCATGGGAGTAACCTTGAAGCCATGGGCAAGCTGAAACCTTACTTTCTTACTGATGGGACAGGAACTGTCACCCCAGCGAACGCATCAGGAATGAACGATGGCGCTGCTGCTGTGGTCCTTATGAAGAAGACAGAAGCTGAGAGGCGGATGCTGAA,AGATGAATGCGGGCTCAG,TTTCAGCATCCGCCTCTC,64.5,GCGAATTAACCCTCACTAAAGGGAGATGAATGCGGGCTCAG,GCGTAATACGACTCACTATAGGGTTTCAGCATCCGCCTCTC
Car8,NM_007592,R5008,847,ATTGAGGATGCAGTCGCCTTCCCCGAGAAGGAGGAAGACGAGGAAGAGGAGGAGGAGGAGGGCGTGGAGTGGGGTTACGAGGAAGGTGTTGAGTGGGGCTTAGTGTTTCCTGATGCTAATGGGGAGTACCAGTCACCTATCAACCTAAACTCCAGAGAAGCCAGGTATGACCCCTCACTGCTGGATGTCCGCCTGTCTCCAAATTATGTGGTGTGCCGGGACTGTGAAGTCACCAACGATGGACACACCATTCAAGTCATCCTGAAGTCAAAATCAGTCTTGTCAGGAGGACCACTGCCTCAGGGACAGGAGTTTGAGCTGTATGAAGTTAGATTTCACTGGGGAAGAGAAAACCAGCGTGGTTCTGAGCACACGGTCAATTTCAAAGCCTTTCCCATGGAGCTCCACCTGATCCACTGGAATTCCACACTGTTTGGCAGCATCGATGAGGCGGTTGGGAAGCCCCATGGTATCGCCATCATTGCACTATTTGTTCAGATCGGGAAGGAACATGTTGGCTTGAAGGCTGTGACTGAGATCCTCCAGGATATTCAATATAAGGGAAAATCCAAAACAATTCCATGCTTTAATCCTAACACTTTATTACCAGACCCTCTTCTGCGGGATTACTGGGTCTATGAAGGATCTCTTACTATCCCACCTTGCAGCGAAGGAGTTACCTGGATATTATTCCGATACCCTTTAACTATATCCCAGATGCAGATAGAAGAATTTCGAAGGCTGAGGACACATGTCAAGGGGGCAGAACTGGTGGAGGGCTGCGATGGGATTTTGGGAGACAATTTCCGACCTACCCAGCCCCTGAGTGATAGAGTCATCCGAGCGG,ATTGAGGATGCAGTCGCC,GCCGCTCGGATGACTCTA,64.4,GCGAATTAACCCTCACTAAAGGGATTGAGGATGCAGTCGCC,GCGTAATACGACTCACTATAGGGGCCGCTCGGATGACTCTA
Ephb2,NM_010142,R5009,758,TCATAAGGGAAGTGACGGTTCTTAGAGGAGAAAAGCAAAAGGCTTGGGAGATCCACATGGCCTGTCCCCGTGAAGGCCAAAAAGCATTTTCTCTCCAACTCCTTCTGGGAAGGTTGAGCTGGCCAGAGCCAAGAAACACTTCCAGGAACATTAACATGAAGGGAAGAGGTGAGCCACCCTCCTTGCCTGGCCTTAGCCGTTTCTTGGAGCATCACTAATGGCCCAGCCCCCAGGCACAAGGGGCAGAGAGACAGGCAGTCGCCCCAGATAGGCTCCGGGGAAGTCCATTCCAGCTGCCACCGGCAGACAGGAGGATAGTTGTTCTGTCTTGGGAGACGGTTTCCAAAAACTCCGAGAGACTTTCTGCTAATGGTTCAGGAGGCGGAAGAGGAGCTCCTGGCCTCCCAGGTCACGCCAAACAGGCTAGATCTTCCTGAGGACAGCCACCCAGGTCTGCAGCCCCACAAGGCCCTGCTCCTGATCAGCCTCAGCCAGAGGACGAGGAGGCAGGTGACTGTCATCAGCCTCGACTGCCACAGAGAAGCATACTCTTGCATCTGGGTTTGTTTACAGCGATTCCGTGGACCGGGGGTATTTTGATCAGGGGTGGTTTTGGTCTGGGAGGGTTTTGTTTGTTGGGTTTTTTTAAAAAAAAATGACAATGAAGAGACACTTTGACATTTCCTACCTTTTGAGGACTTGATCCTTCTCCAGGAAGAAGGTGCTTTCTGCTTACTGACTTAGGCAATACACCAAGG,TCATAAGGGAAGTGACGGTTCT,CCCTTGGTGTATTGCCTAAGTC,64,GCGAATTAACCCTCACTAAAGGGTCATAAGGGAAGTGACGGTTCT,GCGTAATACGACTCACTATAGGGCCCTTGGTGTATTGCCTAAGTC
Ascc2,NM_029291.1,R5010,884,ACAGCAAGCTCCTGGGTGACATGTGGCAGAGGCTCTCCCATTCCAAGAAGAAGCTAATGGAGGTGTTTCACATCATCCTGAACCAGATCTGCCTGCTTCCCATTCTAGAGAGCAGCTGTGACAACATTCAAGGCTTCATTGAAGAATTCCTTCAAATCTTCAGCTCTTTACTGCAGGAAAAAAGATTCCTCCGTGACTACGACACATTCTCCCCTGTAGCTGAAGATATCAGCTTGCTGCAGCAAGCTTCATCAGCCTTGGATGAGACCCGGACTGCCTACATCCTCCAGGCTGTGGAAAGTGCCTGGGAAGGGGTTGACAGACAGAAAATCAAGGACATTAAAGACCCACCAAGGGCCAAGGGTTCTAATAATGAAGTCACAGTGACAGCAGAGCCGGTCAGTGAGATGCCATCCCAGCTGGAGAACTTAGAAGAGGATGAGGAGTGCATGGGTGCAGCAGCTGCGCTGGGCCCTGCCGTGAGTGGTGTGGAACTAGACTCACTCATCTCCCAAGTGAAGGACCTGCTGCCAGACCTCGGCGAGGGCTTTATTCTGGCCTGCCTGGAGCACTACAGCTATGACTCAGAGCAGGTGATCAACAACATCCTGGAGGATCGGCTGGCCCCTGAGCTCAGTCAGCTGGACCGAGGCCTAGAAAGACAAGTGAAGCCGGACCCTACACCCCTGTTGTCATCTCGTCACAACATCTTCCAGAACGATGAGTTTGATGTGTTCAGCAGGGACTCGGTGGACCTGAGCCGAGTGCACAAGGGCAGGAGGAAGGAGGAGAACGTGAGGAGCCTGGTGAATGACAAGCAGGCTGTGGTGGCACAGTGGCAGCGCTACCAGAAGTACAGCGTGGTGGTAGAGGAGGTCCCCCTG,ACAGCAAGCTCCTGGGTG,GCAGGGGGACCTCCTCTA,64.7,GCGAATTAACCCTCACTAAAGGGACAGCAAGCTCCTGGGTG,GCGTAATACGACTCACTATAGGGGCAGGGGGACCTCCTCTA
